{"name":"5f871030-22c7-453b-b2e9-1fe3249167f3","id":"/providers/Microsoft.Flow/flows/5f871030-22c7-453b-b2e9-1fe3249167f3","type":"Microsoft.Flow/flows","properties":{"apiId":"/providers/Microsoft.PowerApps/apis/shared_logicflows","displayName":"SPO Deeplink","definition":{"metadata":{"workflowEntityId":null,"processAdvisorMetadata":null,"flowclientsuspensionreason":"None","flowclientsuspensiontime":null,"flowclientsuspensionreasondetails":null,"creator":{"id":"f3492094-428d-4798-b0d8-18648b0c09a5","type":"User","tenantId":"72f988bf-86f1-41af-91ab-2d7cd011db47"},"provisioningMethod":"FromDefinition","failureAlertSubscription":true,"clientLastModifiedTime":"2023-03-14T12:59:49.7375071Z"},"$schema":"https://schema.management.azure.com/providers/Microsoft.Logic/schemas/2016-06-01/workflowdefinition.json#","contentVersion":"1.0.0.0","parameters":{"$authentication":{"defaultValue":{},"type":"SecureObject"}},"triggers":{"manual":{"metadata":{"operationMetadataId":"c245f490-b4e4-4a36-9ac0-32573770ccd4"},"type":"Request","kind":"PowerAppV2","inputs":{"schema":{"type":"object","properties":{"text":{"title":"SPO URL","type":"string","x-ms-dynamically-added":true,"description":"Please enter the SPO URL","x-ms-content-hint":"TEXT"}},"required":["text"]}}}},"actions":{"Respond_to_a_PowerApp_or_flow":{"runAfter":{"Stageview_Deeplink":["Succeeded"]},"metadata":{"operationMetadataId":"5850ffa7-bdc1-4205-8df8-a92e78f92a6f"},"type":"Response","kind":"PowerApp","inputs":{"statusCode":200,"body":{"spo_deeplink":"@{outputs('Stageview_Deeplink')}"},"schema":{"type":"object","properties":{"spo_deeplink":{"title":"SPO Deeplink","x-ms-dynamically-added":true,"type":"string"}}}}},"Deeplink_Content_URL":{"runAfter":{},"metadata":{"operationMetadataId":"c53a6128-5b47-415d-9dc8-ff21df2fa82e"},"type":"Compose","inputs":{"contentUrl":"https://@{uriHost(triggerBody()['text'])}/_layouts/15/teamslogon.aspx?spfx=true&dest=@{uriPath(triggerBody()['text'])}","websiteUrl":"@{triggerBody()['text']}"}},"Stageview_Deeplink":{"runAfter":{"Deeplink_Content_URL":["Succeeded"]},"metadata":{"operationMetadataId":"130a7afa-e0a4-47db-ae81-830682dde36d"},"type":"Compose","inputs":"https://teams.microsoft.com/l/stage/2a527703-1f6f-4559-a332-d8a7d288cd88/0?context=@{uriComponent(outputs('Deeplink_Content_URL'))}"}}},"connectionReferences":{},"flowFailureAlertSubscribed":false,"isManaged":false}}