{"name":"89fbc7be-7532-4008-b5b8-76d577ab6a32","id":"/providers/Microsoft.Flow/flows/89fbc7be-7532-4008-b5b8-76d577ab6a32","type":"Microsoft.Flow/flows","properties":{"apiId":"/providers/Microsoft.PowerApps/apis/shared_logicflows","displayName":"TransformPowerAppsURL","definition":{"metadata":{"workflowEntityId":null,"processAdvisorMetadata":null,"flowChargedByPaygo":null,"flowclientsuspensionreason":"None","flowclientsuspensiontime":null,"flowclientsuspensionreasondetails":null,"creator":{"id":"f3492094-428d-4798-b0d8-18648b0c09a5","type":"User","tenantId":"72f988bf-86f1-41af-91ab-2d7cd011db47"},"provisioningMethod":"FromDefinition","failureAlertSubscription":true,"clientLastModifiedTime":"2023-04-14T12:41:16.34939Z"},"$schema":"https://schema.management.azure.com/providers/Microsoft.Logic/schemas/2016-06-01/workflowdefinition.json#","contentVersion":"1.0.0.0","parameters":{"$authentication":{"defaultValue":{},"type":"SecureObject"}},"triggers":{"manual":{"metadata":{"operationMetadataId":"ced33750-e73a-4359-8496-8a000c437df7"},"type":"Request","kind":"PowerAppV2","inputs":{"schema":{"type":"object","properties":{"text":{"title":"PowerAppsURL","type":"string","x-ms-dynamically-added":true,"description":"Please enter your input","x-ms-content-hint":"TEXT"}},"required":["text"]}}}},"actions":{"Compose":{"runAfter":{"Tenant_ID":["Succeeded"]},"metadata":{"operationMetadataId":"d8295759-000e-4a14-8df2-734d03d6dd1b"},"type":"Compose","inputs":"https://@{uriHost(triggerBody()['text'])}@{uriPath(triggerBody()['text'])}?tenantId=@{outputs('Tenant_ID')}&source=teamstab&locale={locale}&channelId={channelId}&channelType={channelType}&chatId={chatId}&groupId={groupId}&hostClientType={hostClientType}&isFullScreen={isFullScreen}&entityId={entityId}&subEntityId={subEntityId}&teamId={teamId}&teamType={teamType}&theme={theme}&userTeamRole={userTeamRole}"},"Respond_to_a_PowerApp_or_flow":{"runAfter":{"Compose":["Succeeded"]},"metadata":{"operationMetadataId":"3c76abc1-a16e-4dea-815e-527771f51fdd"},"type":"Response","kind":"PowerApp","inputs":{"statusCode":200,"body":{"url":"@{outputs('Compose')}"},"schema":{"type":"object","properties":{"url":{"title":"URL","x-ms-dynamically-added":true,"type":"string"}}}}},"Tenant_ID":{"runAfter":{},"metadata":{"operationMetadataId":"47290425-3b18-4f98-baef-2d1180e0b110"},"type":"Compose","inputs":"@split(split(triggerBody()['text'],'tenantId=')[1],'&')[0]"}}},"connectionReferences":{},"flowFailureAlertSubscribed":false,"isManaged":false}}