{"schemaVersion":"1.0","appDefinitionTemplate":{"id":"/providers/Microsoft.PowerApps/apps/","type":"Microsoft.PowerApps/apps","tags":{"primaryDeviceWidth":"3344","primaryDeviceHeight":"1180","supportsPortrait":"true","supportsLandscape":"true","primaryFormFactor":"Tablet","publisherVersion":"3.23053.38","minimumRequiredApiVersion":"2.2.0","hasComponent":"false","hasUnlockedComponent":"false","isUnifiedRootApp":"false","sienaVersion":"20230530T102512Z-3.23053.38.0"},"properties":{"appVersion":"2023-05-30T10:25:12Z","lifeCycleId":"Published","createdByClientVersion":{"major":3,"minor":23053,"build":38,"revision":0,"majorRevision":0,"minorRevision":0},"minClientVersion":{"major":3,"minor":23053,"build":38,"revision":0,"majorRevision":0,"minorRevision":0},"backgroundColor":"rgba(98, 100, 167, 1)","backgroundImageUri":"/9404083918916200508/Nbca58d01-337b-47aa-a55c-85413dbd1ba1-logoSmallFile","displayName":"Teams Deeplink Helper","description":"","commitMessage":"","appUris":{"documentUri":{"value":"/9404083918916200508/N88e59685-558d-4d5d-87ed-a38df0b25df2-document.msapp"},"imageUris":[],"additionalUris":[]},"createdTime":"0001-01-01T00:00:00Z","lastModifiedTime":"0001-01-01T00:00:00Z","sharedGroupsCount":0,"sharedUsersCount":0,"connectionReferences":{"543b850b-0f67-4d80-b046-1269b6e56d20":{"id":"44c16b51-4e8e-4ffc-ae1b-7242ebba3607","displayName":"Flux logiques","iconUri":"https://connectoricons-prod.azureedge.net/releases/v1.0.1636/1.0.1636.3297/logicflows/icon.png","dataSources":["SPODeeplink"],"dependencies":[],"dependents":[],"parameterHints":{"workflowName":{"value":"e8aa908b-b7a9-4a42-8a85-ef22395b2706"},"workflowEntityId":{}},"parameterHintsV2":{"workflowName":{"value":"e8aa908b-b7a9-4a42-8a85-ef22395b2706"},"workflowEntityId":{}},"isOnPremiseConnection":false,"bypassConsent":false,"dataSets":{},"apiTier":"Standard","isCustomApiConnection":false,"actions":["Run"],"nestedActions":[]},"5cbb65d6-e6ff-442e-a50f-eae422ffccc1":{"id":"44c16b51-4e8e-4ffc-ae1b-7242ebba3607","displayName":"Flux logiques","iconUri":"https://connectoricons-prod.azureedge.net/releases/v1.0.1636/1.0.1636.3297/logicflows/icon.png","dataSources":["SendDeeplinkInTeams"],"dependencies":["c85ec48a-d32e-45a9-8f41-e08a624afae3"],"dependents":[],"parameterHints":{"workflowName":{"value":"3b9bff22-2100-49ce-bf92-4d902b82d0dc"},"workflowEntityId":{},"c85ec48a-d32e-45a9-8f41-e08a624afae3":{"value":"shared_teams"}},"parameterHintsV2":{"workflowName":{"value":"3b9bff22-2100-49ce-bf92-4d902b82d0dc"},"workflowEntityId":{},"shared_teams":{"value":"c85ec48a-d32e-45a9-8f41-e08a624afae3"}},"isOnPremiseConnection":false,"bypassConsent":false,"dataSets":{},"apiTier":"Standard","isCustomApiConnection":false,"actions":["Run"],"nestedActions":[{"id":"/providers/Microsoft.PowerApps/apis/shared_teams/apiOperations/PostMessageToConversation","apiName":"Microsoft Teams","actionName":"PostMessageToConversation","referencedResources":[]}]},"c85ec48a-d32e-45a9-8f41-e08a624afae3":{"id":"97073b7b-5164-4156-a933-9b8b7b170cb5","displayName":"Microsoft Teams","iconUri":"https://connectoricons-prod.azureedge.net/releases/v1.0.1638/1.0.1638.3308/teams/icon.png","dataSources":[],"dependencies":[],"dependents":["5cbb65d6-e6ff-442e-a50f-eae422ffccc1"],"parameterHints":{},"parameterHintsV2":{},"isOnPremiseConnection":false,"bypassConsent":false,"dataSets":{},"apiTier":"Standard","isCustomApiConnection":false},"d72a3176-a009-474b-82df-13ae2d1dc37a":{"id":"44c16b51-4e8e-4ffc-ae1b-7242ebba3607","displayName":"Flux logiques","iconUri":"https://connectoricons-prod.azureedge.net/releases/v1.0.1636/1.0.1636.3297/logicflows/icon.png","dataSources":["TransformPowerAppsURL"],"dependencies":[],"dependents":[],"parameterHints":{"workflowName":{"value":"8a392ec2-4429-4909-82d7-e3a00242de2c"},"workflowEntityId":{}},"parameterHintsV2":{"workflowName":{"value":"8a392ec2-4429-4909-82d7-e3a00242de2c"},"workflowEntityId":{}},"isOnPremiseConnection":false,"bypassConsent":false,"dataSets":{},"apiTier":"Standard","isCustomApiConnection":false,"actions":["Run"],"nestedActions":[]},"d68ef71c-6a4c-430f-abda-a47dcd495027":{"id":"44c16b51-4e8e-4ffc-ae1b-7242ebba3607","displayName":"Flux logiques","iconUri":"https://connectoricons-prod.azureedge.net/releases/v1.0.1636/1.0.1636.3297/logicflows/icon.png","dataSources":["SPOlistitemDeeplink"],"dependencies":[],"dependents":[],"parameterHints":{"workflowName":{"value":"aac31f6c-13de-42bb-adc6-870a09a32c50"},"workflowEntityId":{}},"parameterHintsV2":{"workflowName":{"value":"aac31f6c-13de-42bb-adc6-870a09a32c50"},"workflowEntityId":{}},"isOnPremiseConnection":false,"bypassConsent":false,"dataSets":{},"apiTier":"Standard","isCustomApiConnection":false,"actions":["Run"],"nestedActions":[]},"36a1498a-f201-47be-83e2-13c4e328f495":{"id":"44c16b51-4e8e-4ffc-ae1b-7242ebba3607","displayName":"Flux logiques","iconUri":"https://connectoricons-prod.azureedge.net/releases/v1.0.1636/1.0.1636.3297/logicflows/icon.png","dataSources":["SPOstreamDeeplink"],"dependencies":[],"dependents":[],"parameterHints":{"workflowName":{"value":"cecda2b5-d2dc-430e-9793-43a1c268c5a2"},"workflowEntityId":{}},"parameterHintsV2":{"workflowName":{"value":"cecda2b5-d2dc-430e-9793-43a1c268c5a2"},"workflowEntityId":{}},"isOnPremiseConnection":false,"bypassConsent":false,"dataSets":{},"apiTier":"Standard","isCustomApiConnection":false,"actions":["Run"],"nestedActions":[]}},"databaseReferences":{},"almMode":"Environment","performanceOptimizationEnabled":true,"canConsumeAppPass":true,"enableModernRuntimeMode":false,"executionRestrictions":{"isTeamsOnly":false,"dataLossPreventionEvaluationResult":{"status":"Compliant","lastEvaluationDate":"2023-05-30T10:25:36.4796247Z","violations":[],"violationsByPolicy":[],"violationErrorMessage":"L’application utilise les connecteurs suivants : shared_logicflows, shared_teams."},"httpActionRestriction":{"appUsesSharepointHttpAction":false,"enforcementStrategy":"Legacy","evaluationTime":"2023-05-30T10:25:36.4794375Z"}}},"appType":"ClassicCanvasApp","appComponents":[]}}